experiment	cell	cluster_results_dir	n	success	program_md5	program_source
libero_pro_clean	goal_open_middle_drawer_pos_k3	eval_c2clean_goal_open_middle_drawer_pos_k3	50	35	f78418b049f6185f6d9a8a0f6b01b122	archived
libero_pro_clean	goal_open_middle_drawer_pos_k0	eval_c2clean_goal_open_middle_drawer_pos_k0	50	22	085d141ad9ec64841d6f0606e8a81060	archived
libero_pro_clean	goal_open_top_drawer_put_bowl_pos_k3	eval_c2clean_goal_open_top_drawer_put_bowl_pos_k3	50	50	bd940ce1510111b10e12e6c77e1a2df2	archived
libero_pro_clean	goal_open_top_drawer_put_bowl_pos_k0	eval_c2clean_goal_open_top_drawer_put_bowl_pos_k0	50	50	87f8751ff7fbd271dc144bc7e195da4c	archived
libero_pro_clean	goal_push_plate_front_stove_pos_k3	eval_c2clean_goal_push_plate_front_stove_pos_k3	50	50	b05add9592e2c3305b469a82863c6795	archived
libero_pro_clean	goal_push_plate_front_stove_pos_k0	eval_c2clean_goal_push_plate_front_stove_pos_k0	50	50	6efb01187d24380bfa42bb72c2e5e726	archived
libero_pro_clean	goal_put_bowl_on_plate_pos_k3	eval_c2clean_goal_put_bowl_on_plate_pos_k3	50	47	acdbfcd7df20cf5eaf42eb59e790e2a3	archived
libero_pro_clean	goal_put_bowl_on_plate_pos_k0	eval_c2clean_goal_put_bowl_on_plate_pos_k0	50	48	8f21d2d15f1089575a08b92ef0711feb	archived
libero_pro_clean	goal_put_bowl_on_stove_pos_k3	eval_c2clean_goal_put_bowl_on_stove_pos_k3	50	49	254c84e4621cf6362da94a3e6f4103b8	archived
libero_pro_clean	goal_put_bowl_on_stove_pos_k0	eval_c2clean_goal_put_bowl_on_stove_pos_k0	50	50	3f8c0c8a40bed19367a3b60c49eeab43	archived
libero_pro_clean	goal_put_bowl_top_cabinet_pos_k3	eval_c2clean_goal_put_bowl_top_cabinet_pos_k3	50	50	ce3b97c25e11250b7e8520c921727c79	archived
libero_pro_clean	goal_put_bowl_top_cabinet_pos_k0	eval_c2clean_goal_put_bowl_top_cabinet_pos_k0	50	50	0cb3d8362ec5fdbfe4159f2a862c68d7	archived
libero_pro_clean	goal_put_cream_cheese_in_bowl_pos_k3	eval_c2clean_goal_put_cream_cheese_in_bowl_pos_k3	50	46	e4f4d6d1952e1ea15a99e75fb37efd37	archived
libero_pro_clean	goal_put_cream_cheese_in_bowl_pos_k0	eval_c2clean_goal_put_cream_cheese_in_bowl_pos_k0	50	50	29539f2938186013cba9e06178ba9196	archived
libero_pro_clean	goal_put_wine_on_rack_pos_k3	eval_c2clean_goal_put_wine_on_rack_pos_k3	50	38	3d8b52dccad79a44293f9817c9ae8c36	archived
libero_pro_clean	goal_put_wine_on_rack_pos_k0	eval_c2clean_goal_put_wine_on_rack_pos_k0	50	40	97714f0afcb4846207192c39e53a8da9	archived
libero_pro_clean	goal_put_wine_top_cabinet_pos_k3	eval_c2clean_goal_put_wine_top_cabinet_pos_k3	50	50	9cafead37470af2557d44b41b1e822f7	archived
libero_pro_clean	goal_put_wine_top_cabinet_pos_k0	eval_c2clean_goal_put_wine_top_cabinet_pos_k0	50	50	3532b5cafb9a9276233d0c87c344cda8	archived
libero_pro_clean	goal_turn_on_stove_pos_k3	eval_c2clean_goal_turn_on_stove_pos_k3	50	50	1c820d76207b4784c3d8079d78ab759c	archived
libero_pro_clean	goal_turn_on_stove_pos_k0	eval_c2clean_goal_turn_on_stove_pos_k0	50	50	d17e26e84b8b3a622d2f4edfc53f52cd	archived
libero_pro_clean	obj_alphabet_soup_pos_k3	eval_c2clean_obj_alphabet_soup_pos_k3	50	50	9cc35b72bc023352fa7d756f16b21016	archived
libero_pro_clean	obj_alphabet_soup_pos_k0	eval_c2clean_obj_alphabet_soup_pos_k0	50	50	354bde8bd576edbe049b3beeaccadef9	archived
libero_pro_clean	obj_bbq_sauce_pos_k3	eval_c2clean_obj_bbq_sauce_pos_k3	50	50	5b3feb995b0741ef925a93c0ec44fdfa	archived
libero_pro_clean	obj_bbq_sauce_pos_k0	eval_c2clean_obj_bbq_sauce_pos_k0	50	50	1b7b5d750b7fa0a324c29715fcb7924b	archived
libero_pro_clean	obj_butter_pos_k3	eval_c2clean_obj_butter_pos_k3	50	50	4a0c147b34c9a2dba27cf7756bf96c0d	archived
libero_pro_clean	obj_butter_pos_k0	eval_c2clean_obj_butter_pos_k0	50	50	f4294090709f8c737a07662fd159563e	archived
libero_pro_clean	obj_chocolate_pudding_pos_k3	eval_c2clean_obj_chocolate_pudding_pos_k3	50	50	9c8b34f80afb7953159c0a406060e436	archived
libero_pro_clean	obj_chocolate_pudding_pos_k0	eval_c2clean_obj_chocolate_pudding_pos_k0	50	50	8eb0e46e8710bef6b66399232a7dd699	archived
libero_pro_clean	obj_cream_cheese_pos_k3	eval_c2clean_obj_cream_cheese_pos_k3	50	50	01b132ab841866608fd8c51a7f1887aa	archived
libero_pro_clean	obj_cream_cheese_pos_k0	eval_c2clean_obj_cream_cheese_pos_k0	50	50	290a9198f00351bb04442c35ff14fc84	archived
libero_pro_clean	obj_ketchup_pos_k3	eval_c2clean_obj_ketchup_pos_k3	50	50	3a5ca73841662591044dae9c76ea621d	archived
libero_pro_clean	obj_ketchup_pos_k0	eval_c2clean_obj_ketchup_pos_k0	50	50	6e3e54dc92e7dcc1a6f0715b0a6024d1	archived
libero_pro_clean	obj_milk_pos_k3	eval_c2clean_obj_milk_pos_k3	50	50	94ada1b3ad3e42ff3cc8eca5c16ae676	archived
libero_pro_clean	obj_milk_pos_k0	eval_c2clean_obj_milk_pos_k0	50	48	c0b16be1e1ce747f9ecba83a86b749ac	archived
libero_pro_clean	obj_orange_juice_pos_k3	eval_c2clean_obj_orange_juice_pos_k3	50	50	f8e7e6c0183441f4df56a45cbbd45b58	archived
libero_pro_clean	obj_orange_juice_pos_k0	eval_c2clean_obj_orange_juice_pos_k0	50	50	54051b5ff00caae6b7fb3a4dfd5a3b72	archived
libero_pro_clean	obj_salad_dressing_pos_k3	eval_c2clean_obj_salad_dressing_pos_k3	50	50	49a8e084144b081823a170c88f7e9923	archived
libero_pro_clean	obj_salad_dressing_pos_k0	eval_c2clean_obj_salad_dressing_pos_k0	50	50	b050972bfccd5948b0cc7d1ec94b8e45	archived
libero_pro_clean	obj_tomato_sauce_pos_k3	eval_c2clean_obj_tomato_sauce_pos_k3	50	50	d3155385d4ec2d0e5548289f9fcd6174	archived
libero_pro_clean	obj_tomato_sauce_pos_k0	eval_c2clean_obj_tomato_sauce_pos_k0	50	50	4bfeff5d697d04209d87656479efd70a	archived
libero_pro_clean	spa_bowl_between_pos_k3	eval_c2clean_spa_bowl_between_pos_k3	50	49	855418684a8b74c9e99a2b5770872b7d	archived
libero_pro_clean	spa_bowl_between_pos_k0	eval_c2clean_spa_bowl_between_pos_k0	50	50	5ea92704d7f049e485b4228d5a455a55	archived
libero_pro_clean	spa_bowl_cookie_box_pos_k3	eval_c2clean_spa_bowl_cookie_box_pos_k3	50	46	2abba773c99f8deec1ccb264be2e7372	archived
libero_pro_clean	spa_bowl_cookie_box_pos_k0	eval_c2clean_spa_bowl_cookie_box_pos_k0	50	50	b24a33e144b8b19d304dd0b0474a3b12	archived
libero_pro_clean	spa_bowl_next_to_plate_pos_k3	eval_c2clean_spa_bowl_next_to_plate_pos_k3	50	50	170c65b2a138e1848b55720b2cea4c31	archived
libero_pro_clean	spa_bowl_next_to_plate_pos_k0	eval_c2clean_spa_bowl_next_to_plate_pos_k0	50	50	f05298c52effc12d8fbcb37f8073a09b	archived
libero_pro_clean	spa_bowl_next_to_ramekin_pos_k3	eval_c2clean_spa_bowl_next_to_ramekin_pos_k3	50	49	891ad3f118b44566afd4efc5b828fca9	archived
libero_pro_clean	spa_bowl_next_to_ramekin_pos_k0	eval_c2clean_spa_bowl_next_to_ramekin_pos_k0	50	50	2a308e34973debad151be71d177f25ba	archived
libero_pro_clean	spa_bowl_on_cookie_box_pos_k3	eval_c2clean_spa_bowl_on_cookie_box_pos_k3	50	50	a08b80971b816f6c39d3f976d7d4dbd0	archived
libero_pro_clean	spa_bowl_on_cookie_box_pos_k0	eval_c2clean_spa_bowl_on_cookie_box_pos_k0	50	47	27b9c2c6d8043f07b8b802ea965bce35	archived
libero_pro_clean	spa_bowl_on_ramekin_pos_k3	eval_c2clean_spa_bowl_on_ramekin_pos_k3	50	50	d2c520817fe8593912deab0ac26b9e05	archived
libero_pro_clean	spa_bowl_on_ramekin_pos_k0	eval_c2clean_spa_bowl_on_ramekin_pos_k0	50	45	bbb80f5a591d17c880f9f3911e1fe093	archived
libero_pro_clean	spa_bowl_on_stove_pos_k3	eval_c2clean_spa_bowl_on_stove_pos_k3	50	50	e2920a4cb85692eb074c189c5f2f0a8c	archived
libero_pro_clean	spa_bowl_on_stove_pos_k0	eval_c2clean_spa_bowl_on_stove_pos_k0	50	50	245909be906433b785bf0176e191619d	archived
libero_pro_clean	spa_bowl_on_wooden_cabinet_pos_k3	eval_c2clean_spa_bowl_on_wooden_cabinet_pos_k3	50	45	1f06b318b3cdb545fa3027f2670383d4	archived
libero_pro_clean	spa_bowl_on_wooden_cabinet_pos_k0	eval_c2clean_spa_bowl_on_wooden_cabinet_pos_k0	50	39	a1c123f23ff69ed2803c3524850c405a	archived
libero_pro_clean	spa_bowl_table_center_pos_k3	eval_c2clean_spa_bowl_table_center_pos_k3	50	50	7a770dcf6c2b9e5dfe9ef0fc68698ae6	archived
libero_pro_clean	spa_bowl_table_center_pos_k0	eval_c2clean_spa_bowl_table_center_pos_k0	50	50	f184ff551b3fd7e182a782d8ff1fbbb1	archived
libero_pro_clean	spa_bowl_top_drawer_cabinet_pos_k3	eval_c2clean_spa_bowl_top_drawer_cabinet_pos_k3	50	50	e14c35159a6a079a55e1372f7946fbd0	archived
libero_pro_clean	spa_bowl_top_drawer_cabinet_pos_k0	eval_c2clean_spa_bowl_top_drawer_cabinet_pos_k0	50	48	b03ea8f67ec1fb405fa864c2e3236c6e	archived
libero_pro_clean	goal_open_middle_drawer_task_k3	eval_c2clean_goal_open_middle_drawer_task_k3	50	50	c2fcb7dec3216d4aed7636236c881ac6	archived
libero_pro_clean	goal_open_middle_drawer_task_k0	eval_c2clean_goal_open_middle_drawer_task_k0	50	0	011b5af6330b8ef339b47f920ed62220	archived
libero_pro_clean	goal_open_top_drawer_put_bowl_task_k3	eval_c2clean_goal_open_top_drawer_put_bowl_task_k3	50	50	4fd2bf38b0180ec8fbca785631ee510b	archived
libero_pro_clean	goal_open_top_drawer_put_bowl_task_k0	eval_c2clean_goal_open_top_drawer_put_bowl_task_k0	50	49	77627f7106098111cfcb4f4cdf4973fc	archived
libero_pro_clean	goal_push_plate_front_stove_task_k3	eval_c2clean_goal_push_plate_front_stove_task_k3	50	50	97175a22aaa8c24c82c97c57f08a2fd1	archived
libero_pro_clean	goal_push_plate_front_stove_task_k0	eval_c2clean_goal_push_plate_front_stove_task_k0	50	49	6e86fafac7f08f565e97af3899c7c34d	archived
libero_pro_clean	goal_put_bowl_on_plate_task_k3	eval_c2clean_goal_put_bowl_on_plate_task_k3	50	50	4893576028d98bfd358c7a7278256cbd	archived
libero_pro_clean	goal_put_bowl_on_plate_task_k0	eval_c2clean_goal_put_bowl_on_plate_task_k0	50	50	d074c594592285e4dd4e89e0ce9b1722	archived
libero_pro_clean	goal_put_bowl_on_stove_task_k3	eval_c2clean_goal_put_bowl_on_stove_task_k3	50	50	5004b8684058cf4db69adf0a2d6f3a84	archived
libero_pro_clean	goal_put_bowl_on_stove_task_k0	eval_c2clean_goal_put_bowl_on_stove_task_k0	50	42	3d65e20b400d2d0c363c38cc6fadfc41	archived
libero_pro_clean	goal_put_bowl_top_cabinet_task_k3	eval_c2clean_goal_put_bowl_top_cabinet_task_k3	50	0	fec3d0ab852502e47ca7319b42c45921	archived
libero_pro_clean	goal_put_bowl_top_cabinet_task_k0	eval_c2clean_goal_put_bowl_top_cabinet_task_k0	50	50	504f499d41fdfacc02b884f5414d45bb	archived
libero_pro_clean	goal_put_cream_cheese_in_bowl_task_k3	eval_c2clean_goal_put_cream_cheese_in_bowl_task_k3	50	50	a1fe7c3010083823228435fc344b9ce8	archived
libero_pro_clean	goal_put_cream_cheese_in_bowl_task_k0	eval_c2clean_goal_put_cream_cheese_in_bowl_task_k0	50	44	02b21c8ef2539e1e550b01ed162cac80	archived
libero_pro_clean	goal_put_wine_on_rack_task_k3	eval_c2clean_goal_put_wine_on_rack_task_k3	50	50	0943c97f432407c339faad8ec1f352c0	archived
libero_pro_clean	goal_put_wine_on_rack_task_k0	eval_c2clean_goal_put_wine_on_rack_task_k0	50	49	203d3b967cdc2649de9ada2729ca979b	archived
libero_pro_clean	goal_put_wine_top_cabinet_task_k3	eval_c2clean_goal_put_wine_top_cabinet_task_k3	50	50	554a853a44303f0a176c32f2deee6d2c	archived
libero_pro_clean	goal_put_wine_top_cabinet_task_k0	eval_c2clean_goal_put_wine_top_cabinet_task_k0	50	50	21695350a369d3183c3c598beeecd4c1	archived
libero_pro_clean	goal_turn_on_stove_task_k3	eval_c2clean_goal_turn_on_stove_task_k3	50	50	54fc06500f04ce15636997ea874648c0	archived
libero_pro_clean	goal_turn_on_stove_task_k0	eval_c2clean_goal_turn_on_stove_task_k0	50	50	7660b7baa3c7fc70e0a05999ac17fdac	archived
libero_pro_clean	obj_alphabet_soup_task_k3	eval_c2clean_obj_alphabet_soup_task_k3	50	50	f32372092cec0e54a1613b7da3c2f9f3	archived
libero_pro_clean	obj_alphabet_soup_task_k0	eval_c2clean_obj_alphabet_soup_task_k0	50	50	83b19ca2e7ce76a73f1a31c6f861cf86	archived
libero_pro_clean	obj_bbq_sauce_task_k3	eval_c2clean_obj_bbq_sauce_task_k3	50	50	462843e260ddf5a587ab5de755940310	archived
libero_pro_clean	obj_bbq_sauce_task_k0	eval_c2clean_obj_bbq_sauce_task_k0	50	50	0c3993acf74814c9659faf4459b56034	archived
libero_pro_clean	obj_butter_task_k3	eval_c2clean_obj_butter_task_k3	50	50	acf2536d2f3797dfb5a594b6151ba049	archived
libero_pro_clean	obj_butter_task_k0	eval_c2clean_obj_butter_task_k0	50	50	88b64ca312b2a1c43016dfcf5cba37a8	archived
libero_pro_clean	obj_chocolate_pudding_task_k3	eval_c2clean_obj_chocolate_pudding_task_k3	50	50	397f91586e78b3640375dc36b29c4430	archived
libero_pro_clean	obj_chocolate_pudding_task_k0	eval_c2clean_obj_chocolate_pudding_task_k0	50	50	0aeff41dbc1c9a442c4cb0c11cb197b0	archived
libero_pro_clean	obj_cream_cheese_task_k3	eval_c2clean_obj_cream_cheese_task_k3	50	50	68f92e94eb121402324f355ebea5bf1e	archived
libero_pro_clean	obj_cream_cheese_task_k0	eval_c2clean_obj_cream_cheese_task_k0	50	50	342da3220b5d7dc9bf0c5219097b853f	archived
libero_pro_clean	obj_ketchup_task_k3	eval_c2clean_obj_ketchup_task_k3	50	50	49edeba4b39c56eb6d7cb4efc09b0267	archived
libero_pro_clean	obj_ketchup_task_k0	eval_c2clean_obj_ketchup_task_k0	50	50	a29a56b1d34a693b9f64d7748c3a47f0	archived
libero_pro_clean	obj_milk_task_k3	eval_c2clean_obj_milk_task_k3	50	50	9b10b26450ea260302481a1a484689c2	archived
libero_pro_clean	obj_milk_task_k0	eval_c2clean_obj_milk_task_k0	50	50	8d2dcdae7ebb0cf2871baaf0ddcf4e2c	archived
libero_pro_clean	obj_orange_juice_task_k3	eval_c2clean_obj_orange_juice_task_k3	50	50	a0dcaa714847557807d186e234b5abdc	archived
libero_pro_clean	obj_orange_juice_task_k0	eval_c2clean_obj_orange_juice_task_k0	50	50	35479e1a5bb079031adf40ea2b39e89c	archived
libero_pro_clean	obj_salad_dressing_task_k3	eval_c2clean_obj_salad_dressing_task_k3	50	50	80ee65aad2cecd9b1628e1393a44fae1	archived
libero_pro_clean	obj_salad_dressing_task_k0	eval_c2clean_obj_salad_dressing_task_k0	50	50	05d22b9b8b5ff92d15c0d33cefbc5933	archived
libero_pro_clean	obj_tomato_sauce_task_k3	eval_c2clean_obj_tomato_sauce_task_k3	50	50	9444ba15adf6aa3ee38f83afd8ae6f87	archived
libero_pro_clean	obj_tomato_sauce_task_k0	eval_c2clean_obj_tomato_sauce_task_k0	50	50	aad2a9a9b5bd140fdb32dd5a3ed29181	archived
libero_pro_clean	spa_bowl_between_task_k3	eval_c2clean_spa_bowl_between_task_k3	50	46	707c076ee2f2422f87024effcebf0f7f	archived
libero_pro_clean	spa_bowl_between_task_k0	eval_c2clean_spa_bowl_between_task_k0	50	46	d57c62c193cef59e7c7c16fdb465fcdf	archived
libero_pro_clean	spa_bowl_cookie_box_task_k3	eval_c2clean_spa_bowl_cookie_box_task_k3	50	50	b58e0cca9ee28c31c6a4b64b9e33cb86	archived
libero_pro_clean	spa_bowl_cookie_box_task_k0	eval_c2clean_spa_bowl_cookie_box_task_k0	50	50	14d8a867bab63f99245369e1d1ce134d	archived
libero_pro_clean	spa_bowl_next_to_plate_task_k3	eval_c2clean_spa_bowl_next_to_plate_task_k3	50	50	daa3a06cf14a72e38ce25546665aa985	archived
libero_pro_clean	spa_bowl_next_to_plate_task_k0	eval_c2clean_spa_bowl_next_to_plate_task_k0	50	50	4218e53747108edf86209c8f6a5f14a5	archived
libero_pro_clean	spa_bowl_next_to_ramekin_task_k3	eval_c2clean_spa_bowl_next_to_ramekin_task_k3	50	49	1422b60e0a2f3be1ceb8a2a5107192f3	archived
libero_pro_clean	spa_bowl_next_to_ramekin_task_k0	eval_c2clean_spa_bowl_next_to_ramekin_task_k0	50	46	05a3b58714aaaf0a5ab96ce8dff7b4de	archived
libero_pro_clean	spa_bowl_on_cookie_box_task_k3	eval_c2clean_spa_bowl_on_cookie_box_task_k3	50	50	a2b9776c310e51561d7be4557c93081f	archived
libero_pro_clean	spa_bowl_on_cookie_box_task_k0	eval_c2clean_spa_bowl_on_cookie_box_task_k0	50	44	a5b4494fe7bb858e8a074f32fbdd9073	archived
libero_pro_clean	spa_bowl_on_ramekin_task_k3	eval_c2clean_spa_bowl_on_ramekin_task_k3	50	50	8eefbec2880fd9d24a631418b7f72604	archived
libero_pro_clean	spa_bowl_on_ramekin_task_k0	eval_c2clean_spa_bowl_on_ramekin_task_k0	50	50	9a716cad96aeb6a4c5f31653f056ce0e	archived
libero_pro_clean	spa_bowl_on_stove_task_k3	eval_c2clean_spa_bowl_on_stove_task_k3	50	50	c61edaf3b54cf8e7062c0119a62fc8a4	archived
libero_pro_clean	spa_bowl_on_stove_task_k0	eval_c2clean_spa_bowl_on_stove_task_k0	50	49	ec8c737bdd5dc9d79a437cdee79d72a7	archived
libero_pro_clean	spa_bowl_on_wooden_cabinet_task_k3	eval_c2clean_spa_bowl_on_wooden_cabinet_task_k3	50	50	adbf0564a79625117a2c20c9245e37cc	archived
libero_pro_clean	spa_bowl_on_wooden_cabinet_task_k0	eval_c2clean_spa_bowl_on_wooden_cabinet_task_k0	50	50	2b2d3f5e2f2148c91530fb1afe3aa8cb	archived
libero_pro_clean	spa_bowl_table_center_task_k3	eval_c2clean_spa_bowl_table_center_task_k3	50	42	adf9dcf66d3f4b1e1e9667186dc3f430	archived
libero_pro_clean	spa_bowl_table_center_task_k0	eval_c2clean_spa_bowl_table_center_task_k0	50	47	5f31c9bf97e3c96d9a6ba27c87ba9da6	archived
libero_pro_clean	spa_bowl_top_drawer_cabinet_task_k3	eval_c2clean_spa_bowl_top_drawer_cabinet_task_k3	50	48	f6cc609eea0aa37bdde96a256dc5791a	archived
libero_pro_clean	spa_bowl_top_drawer_cabinet_task_k0	eval_c2clean_spa_bowl_top_drawer_cabinet_task_k0	50	44	510c11981502023f3456faae72caf6fa	archived
libero_stock	goal_open_middle_drawer	eval_v11_c2_goal_open_middle_drawer_stock	50	48	0345ba142cfbebefa5f52751cc891b58	archived
libero_stock	goal_open_top_drawer_put_bowl	eval_v111_c2_goal_open_top_drawer_put_bowl_stock	50	49	2f9409e1c9f4811d58dda0a992a58bab	archived
libero_stock	goal_push_plate_front_stove	eval_v111_c2_goal_push_plate_front_stove_stock	50	46	a44b5fbb2143d9841795cf5359db3b50	archived
libero_stock	goal_put_bowl_on_plate	eval_v111_c2_goal_bowl_on_plate_stock	50	50	49eb511e1315f50e2f1d85d7dcfdab44	archived
libero_stock	goal_put_bowl_on_stove	eval_v111_c2_goal_put_bowl_on_stove_stock	50	50	d1f271c4b848f441b611636a83d2246c	archived
libero_stock	goal_put_bowl_top_cabinet	eval_v111_c2_goal_put_bowl_top_cabinet_stock	50	50	bc3c4cefae58452fd4c3a377905640a6	archived
libero_stock	goal_put_cream_cheese_in_bowl	eval_v11_c2_goal_put_cream_cheese_in_bowl_stock	50	50	00a407a54c8ed569d9696b219184898f	archived
libero_stock	goal_put_wine_on_rack	eval_v111_c2_goal_put_wine_on_rack_stock	50	47	19841dc575f2fa38cd0cd6ee362298e4	archived
libero_stock	goal_put_wine_top_cabinet	eval_v111_c2_goal_put_wine_top_cabinet_stock	50	49	9611ff2e26db7f687e4fdcd1ceee7f94	archived
libero_stock	goal_turn_on_stove	eval_v11_c2_goal_turn_on_stove_stock	50	50	b089c246f35d6a6ba46db5b41843c3a0	archived
libero_stock	obj_alphabet_soup	eval_v11_c2_obj_alphabet_soup_stock	50	50	dda9116da8aa097a8582d56a201d2e47	archived
libero_stock	obj_bbq_sauce	eval_v11_c2_obj_bbq_sauce_stock	50	50	54d52f6ce7ebd801710998c64d3bc907	archived
libero_stock	obj_butter	eval_v11_c2_obj_butter_stock	50	50	e8a2e4c7555663e24d52c7be72ce7ea9	archived
libero_stock	obj_chocolate_pudding	eval_v11_c2_obj_chocolate_pudding_stock	50	50	42cd81cd1276c2a62af5d3be2adf5ddf	archived
libero_stock	obj_cream_cheese	eval_v11_c2_obj_cream_cheese_stock	50	50	b6de0d205b9fc41d189aa3dae9167295	archived
libero_stock	obj_ketchup	eval_v11_c2_obj_ketchup_stock	50	50	3edc2c0a0a26cf5d9a7842e69bb13f3c	archived
libero_stock	obj_milk	eval_v11_c2_obj_milk_stock	50	50	6cec2439c07965a2d5b17b09737bdabe	archived
libero_stock	obj_orange_juice	eval_v11_c2_obj_orange_juice_stock	50	50	0f606fb65f02edd383e0742ef6ac13d7	archived
libero_stock	obj_salad_dressing	eval_v111_c2_obj_salad_dressing_stock	50	50	fd9eb879603ba055726d9ada7db09f83	archived
libero_stock	obj_tomato_sauce	eval_v11_c2_obj_tomato_sauce_stock	50	50	1e81d29a0bf0371d9ff7c5511e3e5889	archived
libero_stock	spa_bowl_between	eval_v111_c2_spa_bowl_between_stock	50	48	982ebc7709fe810043ba48ca0efa9917	archived
libero_stock	spa_bowl_cookie_box	eval_v111_c2_spa_bowl_cookie_box_stock	50	50	4b87e97f7a24d005bb25502e05dee8b6	archived
libero_stock	spa_bowl_next_to_plate	eval_v11_c2_spa_bowl_next_to_plate_stock	50	48	a8420057dd18628600aaf347ca564938	archived
libero_stock	spa_bowl_next_to_ramekin	eval_v111_c2_spa_bowl_next_to_ramekin_stock	50	50	f13647a21caa1cc4dd94b13093da1e3a	archived
libero_stock	spa_bowl_on_cookie_box	eval_v111_c2_spa_bowl_on_cookie_box_stock	50	50	9d1195e1c6aafe5b4dc98296f4093e92	archived
libero_stock	spa_bowl_on_ramekin	eval_v11_c2_spa_bowl_on_ramekin_stock	50	50	ff59f0abedc2247d9383c8392d6a391c	archived
libero_stock	spa_bowl_on_stove	eval_v111_c2_spa_bowl_on_stove_stock	50	50	6244e8b96fdf21566ca6a5e7f246614c	archived
libero_stock	spa_bowl_on_wooden_cabinet	eval_v111_c2_spa_bowl_on_wooden_cabinet_stock	50	50	34a01377461a3cbc5e9a697df2820003	archived
libero_stock	spa_bowl_table_center	eval_v11_c2_spa_bowl_table_center_stock	50	50	bf3ae155a95db701cfc680b051b4d40a	archived
libero_stock	spa_bowl_top_drawer_cabinet	eval_v111_c2_spa_bowl_top_drawer_cabinet_stock	50	44	5701cbb546d4c64b10ef41f996426d16	archived
verification_ablation	ablC_goal_turn_on_stove	eval_ablC_goal_turn_on_stove	50	50	71368f8d93e2a489e151befc7b96025c	archived
verification_ablation	ablC_goal_bowl_on_plate	eval_ablC_goal_bowl_on_plate	50	16	3af3200b305fb41e98683751101a7e03	archived
verification_ablation	ablC_goal_open_middle_drawer	eval_ablC_goal_open_middle_drawer	50	19	1eb225228ef8091809e43987c18c2dbc	archived
verification_ablation	ablC_goal_open_top_drawer_put_bowl	eval_ablC_goal_open_top_drawer_put_bowl	50	4	eb8032b3ddb4a1430d2d2285a852450c	archived
verification_ablation	ablC_goal_push_plate_front_stove	eval_ablC_goal_push_plate_front_stove	50	0	2bcaf7e2096cf5eab20d07d72be7964f	archived
verification_ablation	ablC_goal_put_bowl_on_stove	eval_ablC_goal_put_bowl_on_stove	50	27	911241ce3e36149a9762ce415ad5aa15	archived
verification_ablation	ablC_goal_put_bowl_top_cabinet	eval_ablC_goal_put_bowl_top_cabinet	50	0	2702c379f778d1f981e3009ee1f0fdc6	archived
verification_ablation	ablC_goal_put_cream_cheese_in_bowl	eval_ablC_goal_put_cream_cheese_in_bowl	50	0	302179bc1bae8b950d718cb055d28a4e	archived
verification_ablation	ablC_goal_put_wine_on_rack	eval_ablC_goal_put_wine_on_rack	50	1	7bc8511a8d661ebd272bdc0f096234d5	archived
libero90_fixtures	open_microwave_k3	eval_l90abl_open_microwave_k3	50	50	2fb06d49571dfb8bf2f1b419ef604dd2	archived
libero90_fixtures	open_microwave_vis	eval_l90abl_open_microwave_vis	50	50	dfd479c23a0088413a8c91d0e8412ce9	archived
libero90_fixtures	open_microwave_k0	eval_l90abl_open_microwave_k0	50	50	5af42c0a3493b378347962fcade0b810	archived
libero90_fixtures	open_top_drawer_s1_k3	eval_l90abl_open_top_drawer_s1_k3	50	50	e04be043876043636f68fa9ff828596f	archived
libero90_fixtures	open_top_drawer_s1_vis	eval_l90abl_open_top_drawer_s1_vis	50	50	5335cf1ea3e84848c1771f50bd42ec63	archived
libero90_fixtures	open_top_drawer_s1_k0	eval_l90abl_open_top_drawer_s1_k0	50	50	7a49a3bf0e3015e260e7424c44cbf660	archived
libero90_fixtures	open_top_drawer_s2_k3	eval_l90abl_open_top_drawer_s2_k3	50	50	57bef0dacc4515334bc6cfd5bcc61806	archived
libero90_fixtures	open_top_drawer_s2_vis	eval_l90abl_open_top_drawer_s2_vis	50	50	ce9e6f841a44051e788f548ddffdfdae	archived
libero90_fixtures	open_top_drawer_s2_k0	eval_l90abl_open_top_drawer_s2_k0	50	50	0ebba61f298a4c413ca937b18617ba7d	archived
libero90_fixtures	open_bottom_drawer_k3	eval_l90abl_open_bottom_drawer_k3	50	50	fb51e553348067231d086d27669c4d3b	archived
libero90_fixtures	open_bottom_drawer_vis	eval_l90abl_open_bottom_drawer_vis	50	0	b39314787aeb24f97ef8beff40bc5b3b	archived
libero90_fixtures	open_bottom_drawer_k0	eval_l90abl_open_bottom_drawer_k0	50	0	395fc54add7e7ab77181563e1ddf24e5	archived
libero90_fixtures	close_microwave_k3	eval_l90abl_close_microwave_k3	50	50	0507f94e90c587cb10469ba0f40b5b1d	archived
libero90_fixtures	close_microwave_vis	eval_l90abl_close_microwave_vis	50	50	5693414d302964cca877d4d02c4a995b	archived
libero90_fixtures	close_microwave_k0	eval_l90abl_close_microwave_k0	50	50	34bfd3bd7695b8d825f6c59ee0e7f484	archived
libero90_fixtures	close_bottom_drawer_k3	eval_l90abl_close_bottom_drawer_k3	50	50	aac349dcedf3f744de6de844f5308b7b	archived
libero90_fixtures	close_bottom_drawer_vis	eval_l90abl_close_bottom_drawer_vis	50	50	d93d30d74d57c7245a3017d8c604a6ba	archived
libero90_fixtures	close_bottom_drawer_k0	eval_l90abl_close_bottom_drawer_k0	50	42	417c89138a7035cdb10a67bbf188b935	archived
libero90_fixtures	close_top_drawer_k3	eval_l90abl_close_top_drawer_k3	50	50	bc7baf6c6d49980c0b3842d7bc8657d6	archived
libero90_fixtures	close_top_drawer_vis	eval_l90abl_close_top_drawer_vis	50	50	9bf8d572dbafb3dc02d043c2df3bed7e	archived
libero90_fixtures	close_top_drawer_k0	eval_l90abl_close_top_drawer_k0	50	50	efba19f2d734d9167f4fb467b825f625	archived
libero90_fixtures	turn_on_stove_k3	eval_l90abl_turn_on_stove_k3	50	50	dd27b996791862343fd628a4fe2827c4	archived
libero90_fixtures	turn_on_stove_vis	eval_l90abl_turn_on_stove_vis	50	50	d0cb0aa158c0060291e422061e8e988d	archived
libero90_fixtures	turn_on_stove_k0	eval_l90abl_turn_on_stove_k0	50	50	b0b2564142fcf22efc13c15dcd89840c	archived
robodojo_rd1	put_bottles_into_dustbin_k3	eval_rd_put_bottles_into_dustbin_k3	50	15	31862afcf9814d5105dd9d5c5a8297bc	archived
robodojo_rd1	put_bottles_into_dustbin_k0	eval_rd_put_bottles_into_dustbin_k0	50	0	e97e86081de41df438782d991e132d74	archived
robodojo_rd1	organize_table_k3	eval_rd_organize_table_k3	50	0	84b176e42e6a7ac7b8369f81ce0a4763	archived
robodojo_rd1	organize_table_k0	eval_rd_organize_table_k0	50	0	cfc310e4643d0ac074be1ac7aa35cb45	archived
robodojo_rd1	classify_objects_by_language_k0	eval_rd_classify_objects_by_language_k0	50	0	61de7a8ffc2790bacf07ebf4bea4c499	archived
robodojo_rd1	imitate_sorting_sequence_k3	eval_rd_imitate_sorting_sequence_k3	50	0	9f2d4f3f34dbcec1d375c6412a4eff93	archived
robodojo_rd1	imitate_sorting_sequence_k0	eval_rd_imitate_sorting_sequence_k0	50	0	04ee68a91118e9e20b845b5ab662f6de	archived
robodojo_rd1	arrange_largest_number_k3	eval_rd_arrange_largest_number_k3	50	0	a908b2dcafc648336a349d1895fb5e64	archived
robodojo_rd1	arrange_largest_number_k0	eval_rd_arrange_largest_number_k0	50	0	c979dba6fb783495d01c0b2aa5603426	archived
robodojo_rd1	pack_objects_into_box_k3	eval_rd_pack_objects_into_box_k3	50	0	a9ce2e406682a3c4058ca50fd521dfc1	archived
robodojo_rd1	pack_objects_into_box_k0	eval_rd_pack_objects_into_box_k0	50	0	50a4f452fda7485971919c430812b15d	archived
robodojo_rd1	classify_objects_k3	eval_rd_classify_objects_k3	50	8	4ed56ae9e001c1b9dd50fc6d948f0f75	archived
robodojo_rd1	classify_objects_k0	eval_rd_classify_objects_k0	50	0	102f4e3ae7227f50ee3effe92d872153	archived
robodojo_rd1	build_tower_k3	eval_rd_build_tower_k3	50	36	a0bef0e6bbab2f2f76ea60c948d2ae3d	archived
robodojo_rd1	build_tower_k0	eval_rd_build_tower_k0	50	0	eedaa206a5360f737bfa0791e0e33405	archived
robodojo_rd1	make_kong_k3	eval_rd_make_kong_k3	50	36	60110b96bb63c629ea0ead23d94bc898	archived
robodojo_rd1	make_kong_k0	eval_rd_make_kong_k0	50	0	4fc602722b880c441fe44bc2ee185507	archived
robodojo_rd1	fold_clothes_k3	eval_rd_fold_clothes_k3	50	0	fbca2a05739857225a3db265bc7055a6	archived
robodojo_rd1	fold_clothes_k0	eval_rd_fold_clothes_k0	50	0	88295c4ec539e759fa9b00edd7d6344c	archived
robodojo_rd2	plug_in_charger_k3	eval_rd2_plug_in_charger_k3	20	0	0797d06ed9076c6f7137489dab308a92	archived
robodojo_rd2	plug_in_charger_vis	eval_rd2_plug_in_charger_vis	20	0	b14fd6be7b11e374cbd42d28d837f912	archived
robodojo_rd2	plug_in_charger_k0	eval_rd2_plug_in_charger_k0	20	0	6b1e0b5b651d0c79e151a2c490702dfa	archived
robodojo_rd2	insert_tubes_k3	eval50_rd2_insert_tubes_k3	50	14	e960e3a98ba2d8d9ce854e9992f6f0f6	archived
robodojo_rd2	insert_tubes_vis	eval50_rd2_insert_tubes_vis	50	0	e8df557acbed4e66c9cc20249a3b38fd	archived
robodojo_rd2	insert_tubes_k0	eval50_rd2_insert_tubes_k0	50	2	00a85b54e9ad5cf9bfb8ad1e24454c0f	archived
robodojo_rd2	push_T_k3	eval50_rd2_push_T_k3	50	18	c709ad921f25470df36a1ed650d2b90c	archived
robodojo_rd2	push_T_vis	eval50_rd2_push_T_vis	50	8	09c98d5465f553f5caed5e5c1feac146	archived
robodojo_rd2	push_T_k0	eval50_rd2_push_T_k0	50	0	3fa503f178f3181368009bd2930c82e2	archived
robodojo_rd2	swap_T_k3	eval50_rd2_swap_T_k3	50	47	8d320f395404173c50ca5bfd73c755b3	archived
robodojo_rd2	swap_T_vis	eval50_rd2_swap_T_vis	50	15	1e9e6b298046756ba5d38aa5729b3988	archived
robodojo_rd2	swap_T_k0	eval50_rd2_swap_T_k0	50	38	31bda1e1dd23ae73167963bbd4977ad4	archived
robodojo_rd2	stack_blocks_k3	eval50_rd2_stack_blocks_k3	50	43	1ebb19545057a657a6c818e8857126cc	archived
robodojo_rd2	stack_blocks_vis	eval50_rd2_stack_blocks_vis	50	0	d74d816ee30db0c74a6a5829a69ab80f	archived
robodojo_rd2	stack_blocks_k0	eval50_rd2_stack_blocks_k0	50	10	f0b81cb425c1c6f7842394ba36ea5d60	archived
robodojo_rd2	press_by_number_k3	eval50_rd2_press_by_number_k3	50	50	0c3b837734346043b8bb6da81766631a	archived
robodojo_rd2	press_by_number_vis	eval50_rd2_press_by_number_vis	50	50	613b5bb1d07e6c29b780277f3f5c470b	archived
robodojo_rd2	press_by_number_k0	eval50_rd2_press_by_number_k0	50	0	ebdcf6b1a5b5290568fe8c8a7165b4b6	archived
robodojo_rd2	make_toast_k3	eval_rd2_make_toast_k3	20	0	6f6a193fd8270821b32de1d8b47cbe6e	archived
robodojo_rd2	make_toast_vis	eval_rd2_make_toast_vis	20	0	c3fcc283f206983c4978128b113f3736	archived
robodojo_rd2	make_toast_k0	eval_rd2_make_toast_k0	20	0	c8c11ee9c9d0956581953dee9666c75a	archived
robodojo_rd2	store_laptop_and_headphones_k3	eval_rd2_store_laptop_and_headphones_k3	20	0	d45369ad72e3e85808c8f83e5ba64102	archived
robodojo_rd2	store_laptop_and_headphones_vis	eval_rd2_store_laptop_and_headphones_vis	20	0	06ec8d17cca1b602a3f1de3d9b9c360c	archived
robodojo_rd2	store_laptop_and_headphones_k0	eval_rd2_store_laptop_and_headphones_k0	20	0	838b17210f9714af078f3dd520336066	archived
robodojo_rd2	play_tic_tac_toe_k3	eval50_rd2_play_tic_tac_toe_k3	50	5	8e35c9568da48843c2ce5c3fdfcd7d38	archived
robodojo_rd2	play_tic_tac_toe_vis	eval50_rd2_play_tic_tac_toe_vis	50	21	330dde15a2d3d7d082107474cbcc638c	archived
robodojo_rd2	play_tic_tac_toe_k0	eval50_rd2_play_tic_tac_toe_k0	50	4	c29525e7daf36c4142c795a7ab82c187	archived
robodojo_rd2	insert_key_k3	eval_rd2_insert_key_k3	20	0	f7fa218f6f96a8cbecfbb2cda0c6ca47	archived
robodojo_rd2	insert_key_vis	eval_rd2_insert_key_vis	20	0	c83482c88af06f329048ba76249265f9	archived
robodojo_rd2	insert_key_k0	eval_rd2_insert_key_k0	20	0	8fdec0f0dcbba909e4822806b5d762a9	archived
robodojo_rd2	fasten_screws_k3	eval_rd2_fasten_screws_k3	20	0	56040579c4809db2bf37d9149e867a71	archived
robodojo_rd2	fasten_screws_vis	eval_rd2_fasten_screws_vis	20	0	79b2175a61b650b7270b525d5608623e	archived
robodojo_rd2	fasten_screws_k0	eval_rd2_fasten_screws_k0	20	0	4c7cacd9f7629a9901495a1c314cc813	archived
robodojo_rd2	hang_mugs_k3	eval_rd2_hang_mugs_k3	20	0	6f2c31a86df731f4cfd600f787fc7df6	archived
robodojo_rd2	hang_mugs_vis	eval_rd2_hang_mugs_vis	20	0	2d963ba12f5d2523c7e5441ffb0710aa	archived
robodojo_rd2	hang_mugs_k0	eval_rd2_hang_mugs_k0	20	0	7886ac5ae7ea8d2390a435f8170f6120	archived
libero_pro_k1	goal_open_middle_drawer_pos_k1	eval_c2k1clean_goal_open_middle_drawer_pos_k1	50	3	f41016f560c6534e7e7a5cb40db4ded0	archived
libero_pro_k1	goal_open_top_drawer_put_bowl_pos_k1	eval_c2k1clean_goal_open_top_drawer_put_bowl_pos_k1	50	49	93dff6a4fa177458bc049f7962aa8709	archived
libero_pro_k1	goal_push_plate_front_stove_pos_k1	eval_c2k1clean_goal_push_plate_front_stove_pos_k1	50	50	f2d1fc457e96a306e15d4f66417bb7fb	archived
libero_pro_k1	goal_put_bowl_on_plate_pos_k1	eval_c2k1clean_goal_put_bowl_on_plate_pos_k1	50	46	a6c32bc279d8385e33d70008a9a430fb	archived
libero_pro_k1	goal_put_bowl_on_stove_pos_k1	eval_c2k1clean_goal_put_bowl_on_stove_pos_k1	50	50	a3a4f64e82b192fd36349479dc609b90	archived
libero_pro_k1	goal_put_bowl_top_cabinet_pos_k1	eval_c2k1clean_goal_put_bowl_top_cabinet_pos_k1	50	50	ba7ad0aacbd236779b417eb763f20c3d	archived
libero_pro_k1	goal_put_cream_cheese_in_bowl_pos_k1	eval_c2k1clean_goal_put_cream_cheese_in_bowl_pos_k1	50	49	4da022060762925c543a1b8ab51883de	archived
libero_pro_k1	goal_put_wine_on_rack_pos_k1	eval_c2k1clean_goal_put_wine_on_rack_pos_k1	50	50	ef4da42d0d8bf94040fc8763c6f36ee0	archived
libero_pro_k1	goal_put_wine_top_cabinet_pos_k1	eval_c2k1clean_goal_put_wine_top_cabinet_pos_k1	50	50	398ab3732f8d47cf73244890ee9704e5	archived
libero_pro_k1	goal_turn_on_stove_pos_k1	eval_c2k1clean_goal_turn_on_stove_pos_k1	50	50	6d484c4660a5d5e370f239f316a0f5cc	archived
libero_pro_k1	obj_alphabet_soup_pos_k1	eval_c2k1clean_obj_alphabet_soup_pos_k1	50	50	2b1cde1bf2a677c8fa0d07e2303a7e55	archived
libero_pro_k1	obj_bbq_sauce_pos_k1	eval_c2k1clean_obj_bbq_sauce_pos_k1	50	50	3d29e1c708208eaaa97ca2ca8c23c4f5	archived
libero_pro_k1	obj_butter_pos_k1	eval_c2k1clean_obj_butter_pos_k1	50	49	a76cc4c3fd11ef724f83c2e6c9d9e011	archived
libero_pro_k1	obj_chocolate_pudding_pos_k1	eval_c2k1clean_obj_chocolate_pudding_pos_k1	50	50	fef3d8380f3a1a4dee5220a4fa5fe5ff	archived
libero_pro_k1	obj_cream_cheese_pos_k1	eval_c2k1clean_obj_cream_cheese_pos_k1	50	50	a796ed269e21808e4a81355920d917a1	archived
libero_pro_k1	obj_ketchup_pos_k1	eval_c2k1clean_obj_ketchup_pos_k1	50	50	6f61787fa93ba9d2fc944edc5ceb54e4	archived
libero_pro_k1	obj_milk_pos_k1	eval_c2k1clean_obj_milk_pos_k1	50	48	fc5fc2f3fe20a70ec997eeab3a3734de	archived
libero_pro_k1	obj_orange_juice_pos_k1	eval_c2k1clean_obj_orange_juice_pos_k1	50	50	015d07858e3a918f19900be5a14c0456	archived
libero_pro_k1	obj_salad_dressing_pos_k1	eval_c2k1clean_obj_salad_dressing_pos_k1	50	50	b2fb8b913c22def39538a300afc454ef	archived
libero_pro_k1	obj_tomato_sauce_pos_k1	eval_c2k1clean_obj_tomato_sauce_pos_k1	50	50	e299c467404c92deabb65c7153711670	archived
libero_pro_k1	spa_bowl_between_pos_k1	eval_c2k1clean_spa_bowl_between_pos_k1	50	50	a144340ed151e75ceb6d338d696fab7e	archived
libero_pro_k1	spa_bowl_cookie_box_pos_k1	eval_c2k1clean_spa_bowl_cookie_box_pos_k1	50	19	2f522ee78a6443e704eacea4bede5c37	archived
libero_pro_k1	spa_bowl_next_to_plate_pos_k1	eval_c2k1clean_spa_bowl_next_to_plate_pos_k1	50	50	06e4056d09fc228a02a6b906d888b823	archived
libero_pro_k1	spa_bowl_next_to_ramekin_pos_k1	eval_c2k1clean_spa_bowl_next_to_ramekin_pos_k1	50	49	9d3bb50719c80cf20b067b34cc2f8344	archived
libero_pro_k1	spa_bowl_on_cookie_box_pos_k1	eval_c2k1clean_spa_bowl_on_cookie_box_pos_k1	50	45	8919d673684970da703ca07e177b09b3	archived
libero_pro_k1	spa_bowl_on_ramekin_pos_k1	eval_c2k1clean_spa_bowl_on_ramekin_pos_k1	50	50	70b532dbe3ff1b3dddacbe209d2ac1a1	archived
libero_pro_k1	spa_bowl_on_stove_pos_k1	eval_c2k1clean_spa_bowl_on_stove_pos_k1	50	50	aa514dffcb0274bb1e8c905b82dae342	archived
libero_pro_k1	spa_bowl_on_wooden_cabinet_pos_k1	eval_c2k1clean_spa_bowl_on_wooden_cabinet_pos_k1	50	39	21bbb4734b075444dee33a5ed91f6178	archived
libero_pro_k1	spa_bowl_table_center_pos_k1	eval_c2k1clean_spa_bowl_table_center_pos_k1	50	50	2f8677e27461b55b01e460dde9cf3e0b	archived
libero_pro_k1	spa_bowl_top_drawer_cabinet_pos_k1	eval_c2k1clean_spa_bowl_top_drawer_cabinet_pos_k1	50	49	0b87530858e4d2078cd7b51967ead3a2	archived
libero_pro_k1	goal_open_middle_drawer_task_k1	eval_c2k1clean_goal_open_middle_drawer_task_k1	50	0	97733f64affc8c6f2a14ea7783676a22	archived
libero_pro_k1	goal_open_top_drawer_put_bowl_task_k1	eval_c2k1clean_goal_open_top_drawer_put_bowl_task_k1	50	50	92b5d388ba848c19a7c3d86828925582	archived
libero_pro_k1	goal_push_plate_front_stove_task_k1	eval_c2k1clean_goal_push_plate_front_stove_task_k1	50	50	924ec7cad8754548a6ed8a4ccd106a12	archived
libero_pro_k1	goal_put_bowl_on_plate_task_k1	eval_c2k1clean_goal_put_bowl_on_plate_task_k1	50	50	f76be29c71be262342787613e20b3322	archived
libero_pro_k1	goal_put_bowl_on_stove_task_k1	eval_c2k1clean_goal_put_bowl_on_stove_task_k1	50	43	267c34931e51220ea0b229321827dbbf	archived
libero_pro_k1	goal_put_bowl_top_cabinet_task_k1	eval_c2k1clean_goal_put_bowl_top_cabinet_task_k1	50	41	2a04f77045f6bfa7b4d6f32d9aaafc5d	archived
libero_pro_k1	goal_put_cream_cheese_in_bowl_task_k1	eval_c2k1clean_goal_put_cream_cheese_in_bowl_task_k1	50	47	a60715d29bf1d048e929f25e01c3ce92	archived
libero_pro_k1	goal_put_wine_on_rack_task_k1	eval_c2k1clean_goal_put_wine_on_rack_task_k1	50	50	914215a14c6fffbbf0e826bf21b0f068	archived
libero_pro_k1	goal_put_wine_top_cabinet_task_k1	eval_c2k1clean_goal_put_wine_top_cabinet_task_k1	50	50	864ca5de263bb86f77670388542dc113	archived
libero_pro_k1	goal_turn_on_stove_task_k1	eval_c2k1clean_goal_turn_on_stove_task_k1	50	44	a2e53ce0f059f765b8aa688e24011820	archived
libero_pro_k1	obj_alphabet_soup_task_k1	eval_c2k1clean_obj_alphabet_soup_task_k1	50	50	54ac12d1f322eaaf76c6e4bc3309d64e	archived
libero_pro_k1	obj_bbq_sauce_task_k1	eval_c2k1clean_obj_bbq_sauce_task_k1	50	50	2519c8a1374a0374c1527960da9750fa	archived
libero_pro_k1	obj_butter_task_k1	eval_c2k1clean_obj_butter_task_k1	50	50	082b7614c5ecf1e1941679a59920e15f	archived
libero_pro_k1	obj_chocolate_pudding_task_k1	eval_c2k1clean_obj_chocolate_pudding_task_k1	50	50	97ed0e4d0b307cbc0211219f158399f9	archived
libero_pro_k1	obj_cream_cheese_task_k1	eval_c2k1clean_obj_cream_cheese_task_k1	50	50	49e5d1019bcebb5573b0df23d57bb7eb	archived
libero_pro_k1	obj_ketchup_task_k1	eval_c2k1clean_obj_ketchup_task_k1	50	50	0a2e412d7ffa7dd918e9ad8fffcbb5f8	archived
libero_pro_k1	obj_milk_task_k1	eval_c2k1clean_obj_milk_task_k1	50	50	048d81a56edf6d72fb23d62b2fdd0596	archived
libero_pro_k1	obj_orange_juice_task_k1	eval_c2k1clean_obj_orange_juice_task_k1	50	50	558abc9cbcac87f80d02a729c3c7605c	archived
libero_pro_k1	obj_salad_dressing_task_k1	eval_c2k1clean_obj_salad_dressing_task_k1	50	50	c43fbd6ced8b494615fa36deb9aee754	archived
libero_pro_k1	obj_tomato_sauce_task_k1	eval_c2k1clean_obj_tomato_sauce_task_k1	50	49	3458b1325931431fca05361e9f6314b1	archived
libero_pro_k1	spa_bowl_between_task_k1	eval_c2k1clean_spa_bowl_between_task_k1	50	40	1d8021bc59ae05c7e09d0e40b142c6f0	archived
libero_pro_k1	spa_bowl_cookie_box_task_k1	eval_c2k1clean_spa_bowl_cookie_box_task_k1	50	50	5fb101a7b89d4e227ae2d63029057248	archived
libero_pro_k1	spa_bowl_next_to_plate_task_k1	eval_c2k1clean_spa_bowl_next_to_plate_task_k1	50	50	f0efa815b91d1eb33cf8d806151fe621	archived
libero_pro_k1	spa_bowl_next_to_ramekin_task_k1	eval_c2k1clean_spa_bowl_next_to_ramekin_task_k1	50	48	95cb66221cf0fe1744dbbb0f0e5e9cc3	archived
libero_pro_k1	spa_bowl_on_cookie_box_task_k1	eval_c2k1clean_spa_bowl_on_cookie_box_task_k1	50	39	b55aaa1a160ba2b0e1a7cd46e7cf2b7d	archived
libero_pro_k1	spa_bowl_on_ramekin_task_k1	eval_c2k1clean_spa_bowl_on_ramekin_task_k1	50	50	996e29dac4c18928907f260e1b2b9552	archived
libero_pro_k1	spa_bowl_on_stove_task_k1	eval_c2k1clean_spa_bowl_on_stove_task_k1	50	48	2ea8666ed3113dc3de6c178b0af0c7bd	archived
libero_pro_k1	spa_bowl_on_wooden_cabinet_task_k1	eval_c2k1clean_spa_bowl_on_wooden_cabinet_task_k1	50	50	3d4031b5cd774d40188d3fa38430a622	archived
libero_pro_k1	spa_bowl_table_center_task_k1	eval_c2k1clean_spa_bowl_table_center_task_k1	50	47	119eeeb9621d545797df4e9f6fc5a1b4	archived
libero_pro_k1	spa_bowl_top_drawer_cabinet_task_k1	eval_c2k1clean_spa_bowl_top_drawer_cabinet_task_k1	50	50	20415c5dbd61cd897ec159efdcf613d1	archived
robodojo_k1	build_tower_k1	eval50_rd_build_tower_k1	50	0	17014ec9ec1f4de89aaa7deb7a8082ac	archived
robodojo_k1	make_kong_k1	eval50_rd_make_kong_k1	50	0	21290a3d98f36a6027253c978e410908	archived
robodojo_k1	put_bottles_into_dustbin_k1	eval50_rd_put_bottles_into_dustbin_k1	50	2	7d0814cda38d29b34682331d715679f4	archived
robodojo_k1	classify_objects_k1	eval50_rd_classify_objects_k1	50	7	9de1eb96ca9beb271f3cd4c5cc06d620	archived
robodojo_k1	press_by_number_k1	eval50_rd2_press_by_number_k1	50	50	91ff60c6d185706653c1daf3664b705a	archived
robodojo_k1	stack_blocks_k1	eval50_rd2_stack_blocks_k1	50	22	a24c09ab7b0df110092cbab83dd05aa9	archived
robodojo_k1	swap_T_k1	eval50_rd2_swap_T_k1	50	44	8efe4d96dca112452c287eb9a918949a	archived
robodojo_k1	push_T_k1	eval50_rd2_push_T_k1	50	0	02753f3bf99f2dc5e14aa07f587a8605	archived
robodojo_k1	insert_tubes_k1	eval50_rd2_insert_tubes_k1	50	34	0f535ce7b52c73abc4962c9d9098b6bc	archived
robodojo_k1	play_tic_tac_toe_k1	eval50_rd2_play_tic_tac_toe_k1	50	0	29b6866c114cc598bc67c2f86847be38	archived
robodojo_k1	organize_table_k1	eval50_rd_organize_table_k1	50	0	1f5e12d49ddd8d18b2b26461dce468d4	archived
robodojo_k1	imitate_sorting_sequence_k1	eval50_rd_imitate_sorting_sequence_k1	50	0	a4d95bb9dab322c24628d59c82a0ba37	archived
robodojo_k1	arrange_largest_number_k1	eval50_rd_arrange_largest_number_k1	50	31	eb25b653d72f4881c341559f4b574c4e	archived
robodojo_k1	pack_objects_into_box_k1	eval50_rd_pack_objects_into_box_k1	50	0	c6839293ce2b3dcd7a53cd86f649e52f	archived
robodojo_k1	fold_clothes_k1	eval50_rd_fold_clothes_k1	50	0	0690909199a2625a44512473a2eeb4d3	archived
robodojo_k1	plug_in_charger_k1	eval50_rd2_plug_in_charger_k1	50	0	c1c83ccdd23a827373bcef3ffa4519ba	archived
robodojo_k1	insert_key_k1	eval50_rd2_insert_key_k1	50	0	c4388701000ea0c837a03da4e636a2f5	archived
robodojo_k1	fasten_screws_k1	eval50_rd2_fasten_screws_k1	50	0	49282169dcd14773381438b89658b8e0	archived
robodojo_k1	make_toast_k1	eval50_rd2_make_toast_k1	50	0	768c97e5a51f47c39115fbec1d21f08b	archived
robodojo_k1	store_laptop_and_headphones_k1	eval50_rd2_store_laptop_and_headphones_k1	50	0	dbc91eb58298cff0b7c6e02e1d737769	archived
robodojo_k1	hang_mugs_k1	eval50_rd2_hang_mugs_k1	50	0	51e0f4694cb7660799dd5b72fe5d4acc	archived
